DATE,DCOILWTICO,DCOILBRENTEU,DHHNGSP,MSFT,JNJ,BAC
01/06/2020,35.49,36.74,1.59,182.830002,147.190002,24.610001
02/06/2020,36.88,37.72,1.58,184.910004,148.25,24.84
03/06/2020,37.33,37.98,1.84,185.360001,148.649994,25.99
04/06/2020,37.42,38.41,1.68,182.919998,146.729996,26.780001
05/06/2020,39.49,41,1.8,187.199997,147.300003,28.110001
08/06/2020,38.17,39.66,1.68,188.360001,146.770004,28.540001
09/06/2020,38.98,40.45,1.68,189.800003,145.960007,28.219999
10/06/2020,39.54,41.18,1.72,196.839996,147.800003,26.6
11/06/2020,36.43,37.76,1.77,186.270004,140.869995,23.93
12/06/2020,36.24,38.54,1.67,187.740005,142.149994,24.780001
15/06/2020,37.07,39.44,1.64,188.940002,141.25,25.15
16/06/2020,38.26,40.75,1.43,193.570007,144.460007,25.799999
17/06/2020,37.91,40.47,1.55,194.240005,144.020004,25
18/06/2020,38.79,41.75,1.51,196.320007,143.410004,25.040001
19/06/2020,39.72,42.33,1.49,195.149994,143.830002,25.25
22/06/2020,40.6,43.2,1.64,200.570007,143.389999,24.620001
23/06/2020,40.4,42.72,1.61,201.910004,142.860001,24.790001
24/06/2020,37.91,40.4,1.64,197.839996,139.820007,23.809999
25/06/2020,38.66,41.18,1.53,200.339996,139.669998,24.719999
26/06/2020,38.53,40.97,1.42,196.330002,137.809998,23.15
29/06/2020,39.67,41.58,1.67,198.440002,139.039993,23.389999
30/06/2020,39.27,41.64,1.76,203.509995,140.630005,23.75
01/07/2020,39.88,42.18,1.69,204.699997,140.380005,23.26
02/07/2020,40.57,43.19,,206.259995,140.970001,23.290001
03/07/2020,,42.92,,,,
06/07/2020,40.51,42.73,1.71,210.699997,142.979996,23.66
07/07/2020,40.59,43.28,1.76,208.25,142.850006,23.01
08/07/2020,40.91,43.67,1.78,212.830002,143.270004,23.1
09/07/2020,39.64,42.35,1.88,214.320007,142.490005,22.77
10/07/2020,40.56,43.27,1.79,213.669998,142.369995,24.02
13/07/2020,40.06,42.85,1.75,207.070007,145.210007,24.190001
14/07/2020,40.3,42.97,1.74,208.350006,147.919998,24.139999
15/07/2020,41.2,43.96,1.76,208.039993,148.259995,24.6
16/07/2020,40.74,43.71,1.79,203.919998,149.25,23.93
17/07/2020,40.55,43.53,1.79,202.880005,149.350006,23.219999
20/07/2020,40.83,43.3,1.71,211.600006,149.600006,23.58
21/07/2020,41.76,44.31,1.66,208.75,149.740005,24.42
22/07/2020,41.88,43.98,1.69,211.75,150.009995,24.309999
23/07/2020,40.99,42.96,1.75,202.539993,149.610001,24.540001
24/07/2020,41.23,43.29,1.77,201.300003,148.119995,24.35
27/07/2020,41.46,43.39,1.85,203.850006,147.179993,24.139999
28/07/2020,40.89,43.11,1.83,202.020004,146.830002,24.360001
29/07/2020,41.13,43.51,1.77,204.059998,146.539993,25.27
30/07/2020,39.85,42.98,1.81,203.899994,146.839996,24.84
31/07/2020,40.1,43.13,1.83,205.009995,145.759995,24.879999
03/08/2020,40.83,43.76,1.95,216.539993,147.350006,24.99
04/08/2020,41.67,43.99,2.07,213.289993,147.220001,25.01
05/08/2020,42.25,44.92,2.23,212.940002,148.399994,25.389999
06/08/2020,41.93,45.04,2.26,216.350006,147.550003,25.469999
07/08/2020,41.16,44.07,2.15,212.479996,148.600006,26.110001
10/08/2020,41.94,44.19,2.18,208.25,148.029999,26.559999
11/08/2020,41.53,43.68,2.19,203.380005,146.970001,26.92
12/08/2020,42.6,45.09,2.05,209.190002,149.660004,26.73
13/08/2020,42.26,44.87,2.19,208.699997,148,26.35
14/08/2020,42.05,44.86,2.23,208.899994,148.240005,26.469999
17/08/2020,42.89,44.91,2.32,210.279999,148.990005,25.9
18/08/2020,42.89,45.34,2.45,211.490005,150.089996,25.530001
19/08/2020,42.91,45.21,2.43,209.699997,150.389999,25.5
20/08/2020,42.62,44.56,2.35,214.580002,151.419998,25.1
21/08/2020,42.32,43.94,2.39,213.020004,152.759995,24.98
24/08/2020,42.44,44.43,2.57,213.690002,152.149994,25.690001
25/08/2020,43.17,46.01,2.54,216.470001,152.059998,26
26/08/2020,43.21,45.79,2.52,221.149994,152.300003,25.559999
27/08/2020,42.88,44.84,2.52,226.580002,152.979996,26.049999
28/08/2020,42.96,45.22,2.46,228.910004,153.639999,26.299999
31/08/2020,42.61,,2.3,225.529999,153.410004,25.74
01/09/2020,42.76,45.72,2.22,227.270004,151.520004,25.709999
02/09/2020,42.76,42.7,2.15,231.649994,153.830002,26.02
03/09/2020,41.39,42.72,2.32,217.300003,149.550003,25.66
04/09/2020,39.69,41.1,1.8,214.25,148.589996,26.540001
07/09/2020,,40.67,,,,
08/09/2020,36.87,38.53,2.35,202.660004,147.259995,25.48
09/09/2020,38.05,39.98,2.21,211.289993,149.699997,25.51
10/09/2020,37.25,39.27,2.13,205.369995,146.910004,25.139999
11/09/2020,37.33,38.8,1.93,204.029999,147.779999,25.5
14/09/2020,37.23,38.57,2.18,205.410004,148.350006,25.75
15/09/2020,38.29,39.54,2.19,208.779999,148.889999,25.280001
16/09/2020,40.17,41.23,2.06,205.050003,148.399994,25.6
17/09/2020,40.99,42.35,1.65,202.910004,147.169998,25.35
18/09/2020,41.09,42.16,1.56,200.389999,149.179993,25.209999
21/09/2020,39.26,40.37,1.33,202.539993,145.100006,24.469999
22/09/2020,39.55,40.84,1.49,207.419998,144.210007,23.940001
23/09/2020,39.92,41.09,1.74,200.589996,144.440002,23.26
24/09/2020,40.11,41.24,1.93,203.190002,144.669998,23.34
25/09/2020,40.06,40.91,1.9,207.820007,145.660004,23.49
28/09/2020,40.47,41.59,1.83,209.440002,147.110001,24.09
29/09/2020,39.03,40.33,1.74,207.259995,147.059998,23.77
30/09/2020,40.05,40.3,1.66,210.330002,148.880005,24.09
01/10/2020,38.51,39.75,1.6,212.460007,147.320007,24.1
02/10/2020,36.9,38,1.41,206.190002,146.240005,24.209999
05/10/2020,39.12,39.78,1.92,210.380005,148.229996,24.620001
06/10/2020,40.52,41.27,1.86,205.910004,146.259995,24.370001
07/10/2020,39.82,40.62,2.01,209.830002,147.880005,24.879999
08/10/2020,41.04,42,1.49,210.580002,148.889999,25.24
09/10/2020,40.44,41.63,2.25,215.809998,150.970001,25.360001
12/10/2020,39.22,40.5,2.31,221.399994,151.839996,25.68
13/10/2020,40.03,41.34,2.14,222.860001,148.360001,24.950001
14/10/2020,40.86,41.81,2.02,220.860001,148.100006,23.620001
15/10/2020,40.84,41.61,2.23,219.660004,147.190002,24.15
16/10/2020,40.7,41.34,2.16,219.660004,148.100006,24.24
19/10/2020,40.69,41.29,2.3,214.220001,144.320007,23.719999
20/10/2020,41.37,41.62,2.57,214.649994,144.550003,24.139999
21/10/2020,39.88,40.09,2.95,214.800003,143.929993,24.049999
22/10/2020,40.46,41.28,2.99,214.889999,145.080002,24.870001
23/10/2020,39.73,40.71,2.91,216.229996,145.240005,24.9
26/10/2020,38.39,39.06,3.14,210.080002,143.970001,24.540001
27/10/2020,39.34,39.72,3.07,213.25,143.149994,23.85
28/10/2020,37.27,37.86,3.14,202.679993,138.360001,23.469999
29/10/2020,35.94,36.56,3.06,204.720001,137.190002,23.540001
30/10/2020,35.64,36.33,3.03,202.470001,137.110001,23.700001
02/11/2020,36.6,37.78,3.03,202.330002,138.690002,24.08
03/11/2020,37.44,38.17,2.88,206.429993,138.5,24.690001
04/11/2020,38.97,39.68,2.63,216.389999,139.399994,23.68
05/11/2020,38.56,39.47,2.69,223.289993,139.759995,24.610001
06/11/2020,36.97,38.08,2.67,223.720001,142.25,24.309999
09/11/2020,40.05,40.93,2.63,218.389999,146.080002,27.76
10/11/2020,41.18,42.25,2.74,211.009995,148.279999,27.66
11/11/2020,41.23,42.5,2.75,216.550003,147.800003,27.34
12/11/2020,40.9,42.16,2.81,215.440002,148.300003,26.690001
13/11/2020,39.93,41.51,2.82,216.509995,149.899994,27
16/11/2020,41.14,42.71,2.62,217.229996,150.850006,27.58
17/11/2020,41.24,42.54,2.55,214.460007,149.350006,27.549999
18/11/2020,41.64,42.91,2.37,211.080002,147.369995,26.98
19/11/2020,41.57,43.09,2.19,212.419998,147.139999,26.98
20/11/2020,41.99,43.79,2.22,210.389999,146.360001,26.809999
23/11/2020,42.91,45,2.23,210.110001,143.869995,27.389999
24/11/2020,44.71,46.63,2.47,213.860001,143.869995,28.98
25/11/2020,45.58,47.3,2.47,213.869995,143.679993,29.030001
26/11/2020,,46.32,,,,
27/11/2020,,46.88,,215.229996,144,28.99
30/11/2020,45.2,46.84,2.89,214.070007,144.679993,28.16
01/12/2020,44.54,47.03,2.89,216.210007,147.449997,28.690001
02/12/2020,45.23,47.8,2.75,215.369995,148.139999,29.059999
03/12/2020,45.65,48.37,2.46,214.240005,149,28.91
04/12/2020,46.23,49.1,2.48,214.360001,150.270004,29.290001
07/12/2020,45.72,48.63,2.39,214.289993,148.970001,29.09
08/12/2020,45.64,48.84,2.36,216.009995,151.550003,28.93
09/12/2020,45.48,48.81,2.45,211.800003,153.100006,28.799999
10/12/2020,46.76,50.33,2.45,210.520004,152.25,29.110001
11/12/2020,46.59,50.01,2.54,213.259995,152.949997,28.57
14/12/2020,47.02,50.27,2.69,214.199997,149.070007,28.219999
15/12/2020,47.58,50.77,2.63,214.130005,150.570007,28.639999
16/12/2020,47.86,50.83,2.73,219.279999,149.669998,28.719999
17/12/2020,48.34,51.2,2.7,219.419998,153.619995,28.83
18/12/2020,49.04,52.17,2.73,218.589996,154.509995,28.67
21/12/2020,47.79,50.61,2.68,222.589996,153.020004,29.74
22/12/2020,47.02,49.88,2.76,223.940002,152.720001,29.209999
23/12/2020,47.94,51.05,2.76,221.020004,151.940002,30.049999
24/12/2020,48.18,50.88,2.68,222.75,152.470001,29.959999
25/12/2020,,,,,,
28/12/2020,47.5,50.88,2.39,224.960007,153.190002,30.129999
29/12/2020,47.85,50.44,2.4,224.149994,154.139999,30.01
30/12/2020,48.24,50.74,2.36,221.679993,156.050003,29.98
31/12/2020,48.35,51.22,,222.419998,157.380005,30.309999
01/01/2021,,,,,,
04/01/2021,47.47,50.37,2.6,217.690002,156.5,30.030001
05/01/2021,49.78,53.16,2.77,217.899994,158.339996,30.26
06/01/2021,50.45,53.8,2.76,212.25,159.830002,32.150002
07/01/2021,50.63,53.7,2.81,218.289993,160.369995,32.860001
08/01/2021,52.14,55.51,2.77,219.619995,160.039993,32.529999
11/01/2021,52.15,54.84,2.71,217.490005,159.369995,33.07
12/01/2021,53.08,55.98,2.89,214.929993,158.130005,33.66
13/01/2021,52.81,55.52,2.82,216.339996,157.889999,33.459999
14/01/2021,53.47,55.76,2.82,213.020004,160.649994,33.990002
15/01/2021,52.25,54.8,2.86,212.649994,160.300003,33.009998
18/01/2021,,54.21,,,,
19/01/2021,52.87,55.38,2.65,216.440002,162.779999,32.77
20/01/2021,53.16,55.66,2.57,224.339996,162.380005,32.34
21/01/2021,53,55.68,2.49,224.970001,161.729996,31.77
22/01/2021,52.28,55.22,2.45,225.949997,163.550003,31.549999
25/01/2021,52.78,55.44,2.63,229.529999,165.979996,31.16
26/01/2021,52.61,55.26,2.73,232.330002,170.479996,30.940001
27/01/2021,52.81,55.07,2.77,232.899994,167.880005,29.83
28/01/2021,52.26,54.87,2.76,238.929993,169.160004,30.32
29/01/2021,52.16,55.25,2.68,231.960007,163.130005,29.65
01/02/2021,53.55,56.42,2.88,239.649994,162.710007,29.959999
02/02/2021,54.77,57.62,3.24,239.509995,161.25,31.030001
03/02/2021,55.67,58.61,3.01,243,160.5,31.58
04/02/2021,56.19,58.98,2.99,242.009995,161.990005,32.5
05/02/2021,56.8,59.48,3.49,242.199997,164.449997,32.369999
08/02/2021,57.95,60.17,3.4,242.470001,164.919998,33.09
09/02/2021,58.34,60.74,3.35,243.770004,166.270004,32.950001
10/02/2021,58.69,61.17,3.76,242.820007,166.809998,32.98
11/02/2021,58.22,61.09,6.5,244.490005,166.059998,32.880001
12/02/2021,59.5,62.47,6.12,244.990005,166.580002,33.369999
15/02/2021,,63.58,,,,
16/02/2021,60.07,63.96,11.32,243.699997,165.070007,34.27
17/02/2021,61.09,65.02,23.86,244.199997,165.660004,34.41
18/02/2021,60.4,64.09,8.56,243.789993,165.740005,34.189999
19/02/2021,59.12,62.84,4.96,240.970001,162.979996,34.540001
22/02/2021,61.67,64.73,3.16,234.509995,161.869995,35.150002
23/02/2021,61.66,65.16,2.94,233.270004,160.440002,35.52
24/02/2021,63.21,66.85,2.8,234.550003,162.589996,36.380001
25/02/2021,63.43,66.69,2.72,228.990005,162.759995,35.93
26/02/2021,61.55,65.86,2.66,232.380005,158.460007,34.709999
01/03/2021,60.54,64.56,2.7,236.940002,159.320007,35.790001
02/03/2021,59.7,63.17,2.87,233.869995,159.020004,35.529999
03/03/2021,61.33,64.7,2.86,227.559998,156.220001,36.419998
04/03/2021,63.81,67.32,2.79,226.729996,153.070007,36.5
05/03/2021,66.08,69.95,2.72,231.600006,156.100006,36.93
08/03/2021,65.03,68,2.67,227.389999,157.399994,37.130001
09/03/2021,64.02,67.03,2.62,233.779999,157.699997,36.32
10/03/2021,64.45,67.53,2.62,232.419998,159.149994,37.369999
11/03/2021,66.02,69.34,2.7,237.130005,159.139999,37.240002
12/03/2021,65.59,68.87,2.65,235.75,159.600006,37.939999
15/03/2021,65.36,68.78,2.58,234.809998,160.419998,37.75
16/03/2021,64.82,67.95,2.5,237.710007,161.369995,37.639999
17/03/2021,64.55,67.73,2.6,237.039993,160.770004,37.950001
18/03/2021,59.95,62.11,2.45,230.720001,160.470001,38.939999
19/03/2021,61.43,64,2.53,230.350006,160.039993,38.529999
22/03/2021,61.48,63.89,2.55,235.990005,160.5,37.66
23/03/2021,57.75,59.96,2.56,237.580002,160.350006,36.900002
24/03/2021,61.12,63.7,2.56,235.460007,161.910004,36.900002
25/03/2021,58.47,61.21,2.52,232.339996,161.970001,37.66
26/03/2021,60.93,63.77,2.52,236.479996,164.929993,38.68
29/03/2021,61.49,64.06,2.58,235.240005,166.039993,38.310001
30/03/2021,60.55,63.28,2.55,231.850006,165.009995,38.990002
31/03/2021,59.19,63.52,2.52,235.770004,164.350006,38.689999
01/04/2021,61.41,63.85,2.52,242.350006,162.830002,39.490002
02/04/2021,,,,,,
05/04/2021,58.73,,2.43,249.070007,163.429993,39.799999
06/04/2021,59.34,61.47,2.44,247.860001,163.389999,39.689999
07/04/2021,59.77,61.86,2.43,249.899994,163.610001,40.049999
08/04/2021,59.61,62.09,2.47,253.25,162.970001,39.700001
09/04/2021,59.29,61.89,2.48,255.850006,161.25,39.990002
12/04/2021,59.7,62.38,2.5,255.910004,161.639999,40.060001
13/04/2021,60.2,62.83,2.57,258.48999,159.479996,39.32
14/04/2021,63.15,66.11,2.65,255.589996,159.919998,39.880001
15/04/2021,63.42,66.13,2.62,259.5,160.389999,38.740002
16/04/2021,63.16,65.98,2.63,260.73999,162.240005,39.150002
19/04/2021,63.33,66.54,2.75,258.73999,162.690002,39.169998
20/04/2021,62.61,65.34,2.76,258.26001,166.479996,38.080002
21/04/2021,61.34,64.02,2.72,260.579987,166.589996,38.720001
22/04/2021,61.45,65.07,2.77,257.170013,165.179993,38.360001
23/04/2021,62.18,65.75,2.79,261.149994,165.520004,39.18
26/04/2021,62.02,65.5,2.73,261.549988,164.119995,39.41
27/04/2021,63.03,66.25,2.91,261.970001,163.179993,39.880001
28/04/2021,63.81,67.08,2.98,254.559998,161.979996,40.029999
29/04/2021,65,68.26,2.91,252.509995,164.199997,41.110001
30/04/2021,63.5,67.73,2.86,252.179993,162.729996,40.529999
03/05/2021,64.46,,2.96,251.860001,165.210007,40.560001
04/05/2021,65.72,68.91,3,247.789993,167.770004,41
05/05/2021,65.63,69.71,2.99,246.470001,167.070007,41.389999
06/05/2021,64.73,68.62,2.9,249.729996,167.740005,42.009998
07/05/2021,64.96,68.73,2.9,252.460007,168.5,42.18
10/05/2021,64.92,68.61,2.93,247.179993,170.270004,42.049999
11/05/2021,65.31,68.83,2.91,246.229996,168.880005,41.57
12/05/2021,65.96,69.62,2.91,239,168.199997,41.18
13/05/2021,63.82,67.36,2.95,243.029999,169.960007,41.84
14/05/2021,65.32,69.24,2.95,248.149994,170.220001,42.360001
17/05/2021,66.24,69.62,2.99,245.179993,170.389999,42.740002
18/05/2021,65.49,69.01,2.96,243.080002,170.449997,42.16
19/05/2021,63.28,66.88,2.88,243.119995,170.080002,41.970001
20/05/2021,61.95,65.18,2.86,246.479996,171.070007,41.869999
21/05/2021,63.61,66.72,2.84,245.169998,170.960007,42.400002
24/05/2021,66.13,68.59,2.78,250.779999,170.550003,42.630001
25/05/2021,66.27,68.8,2.87,251.720001,170.080002,42.009998
26/05/2021,66.41,68.93,2.91,251.490005,169.070007,42.040001
27/05/2021,66.87,69.43,2.85,249.309998,168.809998,42.549999
28/05/2021,66.31,69.36,2.91,249.679993,169.25,42.389999
31/05/2021,,,,,,
01/06/2021,67.8,70.03,3.02,247.399994,165.529999,42.919998
02/06/2021,68.79,70.6,3.09,247.300003,166.199997,42.939999
03/06/2021,68.81,70.71,3.01,245.710007,166.039993,43.25
04/06/2021,69.57,71.3,3.01,250.789993,165.970001,43.27
07/06/2021,69.21,70.89,2.98,253.809998,164.839996,43.119999
08/06/2021,70.11,71.39,3.11,252.570007,163.389999,42.880001
09/06/2021,69.9,71.31,3.13,253.589996,165.589996,42.32
10/06/2021,70.34,71.65,3.13,257.23999,167.080002,41.689999
11/06/2021,71,72.05,3.23,257.890015,164.960007,41.860001
14/06/2021,70.94,72.27,3.36,259.890015,165.369995,41.360001
15/06/2021,72.06,73.38,3.31,258.359985,164.490005,41.389999
16/06/2021,72.03,73.88,3.25,257.380005,164.429993,41.619999
17/06/2021,71.06,72.92,3.24,260.899994,165.220001,39.799999
18/06/2021,71.64,73.1,3.23,259.429993,161.979996,38.779999
21/06/2021,73.64,74.49,3.15,262.630005,163.839996,39.75
22/06/2021,73.15,74.92,3.21,265.51001,163.619995,39.970001
23/06/2021,73.11,75.22,3.36,265.269989,162.630005,40.200001
24/06/2021,73.31,75.95,3.3,266.690002,163.369995,40.830002
25/06/2021,74.21,76.45,3.4,265.019989,164.210007,41.619999
28/06/2021,72.98,74.78,3.62,268.720001,164.020004,41.560001
29/06/2021,73.14,75.38,3.75,271.399994,164.029999,40.889999
30/06/2021,73.52,76.94,3.79,270.899994,164.740005,41.23
01/07/2021,75.33,76.69,3.76,271.600006,165.960007,41.540001
02/07/2021,75.37,77.51,3.67,277.649994,168.979996,41.150002
05/07/2021,,78.34,,,,
06/07/2021,73.62,75.81,3.68,277.660004,167.970001,40.07
07/07/2021,72.22,74.31,3.66,279.929993,169.410004,39.75
08/07/2021,72.98,75.07,3.56,277.420013,169.080002,38.779999
09/07/2021,74.56,77.14,3.71,277.940002,169.75,40.040001
12/07/2021,74.21,76.77,3.7,277.320007,169.479996,40.630001
13/07/2021,75.24,77.5,3.78,280.980011,169.270004,39.860001
14/07/2021,73.06,75.74,3.8,282.51001,170.419998,38.860001
15/07/2021,71.67,74.53,3.68,281.029999,168.369995,38.830002
16/07/2021,71.76,74.46,3.7,280.75,168.100006,37.919998
19/07/2021,66.45,69.33,3.75,277.01001,166.880005,36.93
20/07/2021,67.32,70.03,3.82,279.320007,168.449997,37.689999
21/07/2021,70.26,72.54,3.94,281.399994,169.490005,38.459999
22/07/2021,72.15,74.25,4.02,286.140015,169.979996,37.959999
23/07/2021,72.24,74.86,4.11,289.670013,171.789993,37.700001
26/07/2021,72.15,74.79,4.09,289.049988,171.869995,38.130001
27/07/2021,71.68,74.87,4.15,286.540009,172.660004,37.98
28/07/2021,72.37,75.09,4.1,286.220001,172.179993,38.130001
29/07/2021,73.62,76.3,4.03,286.5,172.179993,38.68
30/07/2021,73.93,77.72,3.94,284.910004,172.199997,38.360001
02/08/2021,71.31,73.91,4.02,284.820007,172.270004,37.959999
03/08/2021,70.64,73.24,4.06,287.119995,174.389999,38.549999
04/08/2021,68.19,70.99,4.2,286.51001,173.360001,38.27
05/08/2021,69.1,72.14,4.27,289.519989,173.690002,39.02
06/08/2021,68.26,71.02,4.21,289.459991,173.110001,40.150002
09/08/2021,66.56,69.65,4.24,288.329987,173.710007,40.669998
10/08/2021,68.33,71.14,4.12,286.440002,173.770004,41.43
11/08/2021,69.3,71.99,4.07,286.950012,173.800003,41.950001
12/08/2021,69.12,71.79,4.1,289.809998,175.199997,42.150002
13/08/2021,68.36,70.9,3.95,292.850006,176.25,41.630001
16/08/2021,67.44,70.07,3.93,294.600006,177.839996,41.290001
17/08/2021,66.5,69.4,3.92,293.079987,179.470001,41.09
18/08/2021,65.36,68.61,3.86,290.730011,177.190002,40.790001
19/08/2021,63.69,66.8,3.83,296.769989,178.570007,40.189999
20/08/2021,62.25,65.51,3.94,304.359985,179.440002,40.369999
23/08/2021,65.65,69.07,3.93,304.649994,177.610001,40.91
24/08/2021,67.5,71.21,3.95,302.619995,175.389999,41.48
25/08/2021,68.54,72.12,4.03,302.01001,174.229996,42.150002
26/08/2021,67.42,70.42,4.07,299.089996,173.300003,42.040001
27/08/2021,68.84,72.26,4.35,299.720001,172.929993,42.490002
30/08/2021,69.28,,4.25,303.589996,173.660004,41.66
31/08/2021,68.43,73.45,4.33,301.880005,173.130005,41.75
01/09/2021,68.63,71.99,4.45,301.829987,173.740005,41.189999
02/09/2021,70.07,73.56,4.65,301.149994,174.929993,41.02
03/09/2021,69.34,73.07,4.77,301.140015,175.039993,41.049999
06/09/2021,,72.43,,,,
07/09/2021,68.49,71.52,4.71,300.179993,172.320007,41.32
08/09/2021,69.36,72.36,4.66,300.209991,171.899994,40.779999
09/09/2021,68.26,71.32,4.97,297.25,168.070007,40.93
10/09/2021,69.82,72.44,5.13,295.709991,166.970001,40.27
13/09/2021,70.54,72.97,5.21,296.98999,165.800003,40.939999
14/09/2021,70.53,73.05,5.39,299.790009,164.800003,39.84
15/09/2021,72.59,74.84,5.66,304.820007,165.419998,40.139999
16/09/2021,72.69,75.14,5.52,305.220001,165.220001,40.450001
17/09/2021,72.09,74.64,5.32,299.869995,164.75,40.5
20/09/2021,70.41,73.59,5.25,294.299988,163.809998,39.110001
21/09/2021,70.51,73.65,4.96,294.799988,164.529999,39.130001
22/09/2021,72.37,75.5,4.92,298.579987,163.929993,40.139999
23/09/2021,73.43,76.44,4.94,299.559998,164.860001,41.689999
24/09/2021,74.18,77.42,5.1,299.350006,164.360001,42.139999
27/09/2021,75.54,78.85,5.53,294.170013,163.169998,43.259998
28/09/2021,75.44,78.3,5.94,283.519989,162.809998,43.16
29/09/2021,75.06,77.86,5.73,284,164.020004,43.07
30/09/2021,75.22,77.81,5.58,281.920013,161.5,42.450001
01/10/2021,76.01,79.4,5.61,289.100006,160.470001,43.080002
04/10/2021,77.68,81.44,5.8,283.109985,159.220001,43.34
05/10/2021,79.17,82.72,6.37,288.76001,159.580002,44.220001
06/10/2021,77.66,81.39,6,293.109985,159.910004,44.240002
07/10/2021,78.46,82.34,5.71,294.850006,161.339996,44.119999
08/10/2021,79.55,82.17,5.46,294.850006,160.929993,44.34
11/10/2021,80.64,83.75,5.46,294.230011,160.25,43.779999
12/10/2021,80.75,83.53,5.34,292.880005,157.690002,43.540001
13/10/2021,80.67,83.53,5.56,296.309998,159.199997,43.139999
14/10/2021,81.43,83.86,5.92,302.75,160.110001,45.07
15/10/2021,82.39,84.67,5.44,304.209991,161.300003,46.369999
18/10/2021,82.62,84.13,5.01,307.290009,160.119995,46.279999
19/10/2021,83.19,85.02,4.81,308.230011,163.869995,46.48
20/10/2021,84.4,85.76,4.87,307.410004,163.779999,47.09
21/10/2021,82.64,84.58,4.94,310.76001,163.399994,46.830002
22/10/2021,84.53,85.43,5.1,309.160004,163.720001,47.57
25/10/2021,84.64,84.85,5.72,308.130005,164.080002,47.509998
26/10/2021,85.64,85.11,5.59,310.109985,165.75,47.959999
27/10/2021,82.66,84.12,5.91,323.170013,163.740005,47.040001
28/10/2021,82.78,83.4,5.68,324.350006,162.850006,47.779999
29/10/2021,83.5,83.1,5.49,331.619995,162.880005,47.779999
01/11/2021,84.08,84.51,5.22,329.369995,163.020004,47.849998
02/11/2021,83.91,84.42,5.33,333.130005,165.589996,47.880001
03/11/2021,80.82,81.1,5.59,334,165.059998,48.369999
04/11/2021,78.88,80.15,5.73,336.440002,164.600006,47.330002
05/11/2021,81.25,82.43,5.51,336.059998,163.429993,46.970001
08/11/2021,81.96,83.22,5.53,336.98999,162.869995,47.34
09/11/2021,84.12,84.52,5.08,335.950012,162.509995,46.880001
10/11/2021,81.23,82.91,4.56,330.799988,164.270004,47.23
11/11/2021,81.47,83.4,4.81,332.429993,163.059998,47.490002
12/11/2021,80.87,82.9,4.97,336.720001,165.009995,46.91
15/11/2021,80.85,81.94,4.77,336.070007,163.520004,47.049999
16/11/2021,80.76,82.85,5.11,339.51001,162.669998,47.080002
17/11/2021,78.32,80.67,4.82,339.119995,163.279999,46.509998
18/11/2021,78.92,82.45,4.95,341.269989,162.399994,46.32
19/11/2021,76.11,80.24,4.9,343.109985,162.889999,45.400002
22/11/2021,76.74,80.97,4.83,339.829987,159.699997,46.279999
23/11/2021,78.32,83.43,4.95,337.679993,160.690002,47.5
24/11/2021,78.32,82.37,4.93,337.910004,160.240005,47.630001
25/11/2021,,82.05,,,,
26/11/2021,,72.37,,329.679993,159.199997,45.759998
29/11/2021,69.88,73.34,4.9,336.630005,159.75,45.59
30/11/2021,66.14,70.86,4.52,330.589996,155.929993,44.470001
01/12/2021,65.44,69.53,4.31,330.079987,158.080002,43.84
02/12/2021,66.6,70.56,4.08,329.48999,157.089996,44.889999
03/12/2021,66.39,70.71,3.79,323.01001,159.380005,43.869999
06/12/2021,69.62,73.38,3.66,326.190002,162.940002,44.150002
07/12/2021,71.94,75.54,3.6,334.920013,163.360001,44.709999
08/12/2021,72.43,75.94,3.79,334.970001,164.339996,44.16
09/12/2021,70.87,74.1,3.67,333.100006,165.899994,44.490002
10/12/2021,71.71,74.98,3.65,342.540009,165.490005,44.52
13/12/2021,71.19,74.12,4.05,339.399994,168.449997,43.580002
14/12/2021,70.57,73.37,3.71,328.339996,170.289993,44.130001
15/12/2021,70.89,73.71,3.79,334.649994,171.139999,43.939999
16/12/2021,72.34,74.64,3.67,324.899994,173.009995,45
17/12/2021,70.93,72.97,3.71,323.799988,168.229996,43.880001
20/12/2021,68.69,70.51,3.91,319.910004,167.75,43.16
21/12/2021,71.1,72.85,3.96,327.290009,167.210007,44.189999
22/12/2021,72.82,74.69,3.95,333.200012,167.929993,44.279999
23/12/2021,73.89,76.26,3.56,334.690002,168.25,44.419998
24/12/2021,,75.24,,,,
27/12/2021,75.49,,3.45,342.450012,169.669998,44.639999
28/12/2021,76.01,,3.32,341.25,170.350006,44.700001
29/12/2021,76.58,78.63,3.4,341.950012,171.550003,44.630001
30/12/2021,76.83,78.61,3.82,339.320007,172.309998,44.529999
31/12/2021,75.33,77.24,3.82,336.320007,171.070007,44.490002
03/01/2022,75.99,78.25,3.74,334.75,171.539993,46.18
04/01/2022,77,79.39,3.73,329.01001,171.080002,47.990002
05/01/2022,77.83,80.6,3.78,316.380005,172.220001,47.18
06/01/2022,79.47,81.99,3.94,313.880005,171.630005,48.130001
07/01/2022,79,82.28,3.83,314.040009,173.949997,49.18
10/01/2022,78.11,81.56,4.16,314.269989,173.089996,48.93
11/01/2022,81.17,84.98,4.16,314.980011,171.25,49.209999
12/01/2022,82.51,85.83,4.62,318.269989,169.789993,48.860001
13/01/2022,81.97,85.8,4.78,304.799988,168.759995,48.759998
14/01/2022,83.82,87.17,4.37,310.200012,167.839996,47.91
17/01/2022,,87.82,,,,
18/01/2022,85.42,88.83,4.55,302.649994,167.100006,46.259998
19/01/2022,86.84,89.64,4.89,303.329987,166.580002,46.439999
20/01/2022,86.29,89.75,4.45,301.600006,165.25,45.75
21/01/2022,85.16,89.75,4.11,296.029999,164.869995,44.919998
24/01/2022,84.48,87.74,4.2,296.369995,162.970001,44.549999
25/01/2022,86.61,89.49,4.24,288.48999,167.630005,45.43
26/01/2022,88.33,91.22,4.43,296.709991,168.380005,45.900002
27/01/2022,87.61,90.7,4.43,299.839996,170.589996,45.470001
28/01/2022,87.67,91.47,5.69,308.26001,171.789993,45.869999
31/01/2022,89.16,92.35,5.56,310.980011,172.289993,46.139999
01/02/2022,88.22,90.24,5.45,308.76001,170.880005,46.939999
02/02/2022,88.16,91.43,6.7,313.459991,172.770004,46.889999
03/02/2022,90.17,92.99,5.84,301.25,172.759995,46.43
04/02/2022,92.27,96.86,5.34,305.940002,171.630005,48.279999
07/02/2022,91.25,97.28,4.44,300.950012,171.059998,48.509998
08/02/2022,89.32,96.07,4.3,304.559998,171.509995,49.380001
09/02/2022,89.57,94.95,4.13,311.209991,171.490005,49.279999
10/02/2022,89.83,96.37,4.03,302.380005,169.419998,49.049999
11/02/2022,93.1,97.5,4.04,295.040009,167.710007,47.919998
14/02/2022,95.52,101.66,4.05,295,165.600006,47.419998
15/02/2022,92.07,98.43,4.31,300.470001,167.309998,47.790001
16/02/2022,93.83,97.44,4.39,299.5,167.210007,47.68
17/02/2022,91.78,95.28,4.57,290.730011,166.190002,46.07
18/02/2022,91.26,96.18,4.61,287.929993,163.360001,45.959999
21/02/2022,,98.95,,,,
22/02/2022,92.11,98.73,4.48,287.720001,161.139999,45.560001
23/02/2022,92.14,99.29,4.59,280.269989,161.220001,44.779999
24/02/2022,92.77,101.29,4.78,294.589996,158.139999,43.599998
25/02/2022,91.68,98.56,4.63,297.309998,166,45.02
28/02/2022,96.13,103.08,4.46,298.790009,164.570007,44.200001
01/03/2022,103.66,110.93,4.36,294.950012,164,42.470001
02/03/2022,110.74,118.94,4.65,300.190002,166.039993,43.16
03/03/2022,107.69,115.36,4.63,295.920013,168.479996,42.490002
04/03/2022,115.77,123.86,4.74,289.859985,169.479996,40.950001
07/03/2022,119.26,129.02,4.93,278.910004,172.210007,38.34
08/03/2022,123.64,133.18,4.61,275.850006,168.720001,38.59
09/03/2022,108.81,116.58,4.55,288.5,169.360001,41.040001
10/03/2022,105.93,114.54,4.65,285.589996,169.660004,40.669998
11/03/2022,109.31,118.11,4.79,280.070007,169.350006,40.330002
14/03/2022,103.22,110.39,4.59,276.440002,171.690002,41.200001
15/03/2022,96.42,105.14,4.46,287.149994,176.139999,41.5
16/03/2022,94.85,104.61,4.68,294.390015,174.520004,42.799999
17/03/2022,102.97,113.5,4.8,295.220001,176.800003,43.029999
18/03/2022,104.69,114.32,4.87,300.429993,174.839996,42.900002
21/03/2022,112.14,122.29,4.77,299.160004,175.830002,42.84
22/03/2022,111.03,121.53,5,304.059998,175,44.18
23/03/2022,114.89,127.52,5.26,299.48999,174.339996,43.09
24/03/2022,114.2,123.98,5.19,304.100006,175.240005,43.07
25/03/2022,116.2,122.67,5.51,303.679993,176.919998,43.73
28/03/2022,107.55,114.5,5.52,310.700012,177.830002,43.549999
29/03/2022,104.25,112.79,5.32,315.410004,177.740005,43.439999
30/03/2022,107.81,115.59,5.32,313.859985,179.589996,43
31/03/2022,100.53,107.29,5.46,308.309998,177.229996,41.220001
01/04/2022,99.32,106.13,5.43,309.420013,178.190002,40.900002
04/04/2022,103.29,108.15,5.72,314.970001,176.470001,40.830002
05/04/2022,101.98,106.6,5.95,310.880005,177.610001,40.139999
06/04/2022,96.39,100.81,6.29,299.5,182.229996,39.700001
07/04/2022,96.05,99.83,6.05,301.369995,181.759995,39.389999
08/04/2022,98.35,101.26,6.38,296.970001,182.119995,39.669998
11/04/2022,94.22,97.92,6.35,285.26001,179.839996,39.59
12/04/2022,100.52,104.42,6.59,282.059998,179.899994,39.169998
13/04/2022,104.26,108.49,6.68,287.619995,180.660004,38.82
14/04/2022,106.84,110.83,6.94,279.829987,179.899994,37.57
15/04/2022,,,,,,
18/04/2022,108.24,,7.48,280.519989,177.660004,38.849998
19/04/2022,102.54,105.49,7.44,285.299988,183.080002,39.57
20/04/2022,102.56,105.05,7.12,286.359985,183.889999,39.66
21/04/2022,103.89,107.2,6.88,280.809998,183.360001,38.91
22/04/2022,102.86,105.15,6.59,274.029999,181.539993,37.560001
25/04/2022,99.6,99.27,6.42,280.720001,186.009995,37.290001
26/04/2022,102.62,102.89,6.89,270.220001,184.679993,36.450001
27/04/2022,101.96,103.3,6.91,283.220001,182.100006,36.25
28/04/2022,105.47,105.78,6.97,289.630005,183.460007,36.810001
29/04/2022,104.59,108.36,6.84,277.519989,180.460007,35.68
02/05/2022,105.18,,7.3,284.470001,178.639999,36.139999
03/05/2022,102.53,104.94,7.84,281.779999,178.289993,37.130001
04/05/2022,107.84,110.53,8.3,289.980011,180.199997,38.619999
05/05/2022,108.17,112.11,8.42,277.350006,176.759995,37.540001
06/05/2022,109.72,113.86,8.35,274.730011,176.369995,37.450001
09/05/2022,103.08,106.67,8.06,264.579987,177.330002,36.369999
10/05/2022,99.74,102.61,6.78,269.5,177.089996,35.759998
11/05/2022,105.5,107.7,7.53,260.549988,176.130005,35.57
12/05/2022,106.15,108.06,7.25,255.350006,177.869995,35.07
13/05/2022,110.52,112.12,7.75,261.119995,176.850006,35.169998
16/05/2022,114.07,114.86,8.07,261.5,178.080002,34.810001
17/05/2022,112.31,112.89,8.26,266.820007,178.820007,35.990002
18/05/2022,109.67,110.04,8.53,254.080002,175.5,34.880001
19/05/2022,112.21,113.22,8.21,253.139999,173.940002,34.450001
20/05/2022,112.63,113.63,7.97,252.559998,176.979996,33.860001
23/05/2022,110.32,115.13,8.16,260.649994,179.440002,35.869999
24/05/2022,112.55,115.77,8.87,259.619995,181.399994,35.650002
25/05/2022,112.88,116.41,9.44,262.519989,179.619995,35.84
26/05/2022,116.19,119.81,9.19,265.899994,179.460007,36.669998
27/05/2022,114.96,121.19,8.3,273.23999,181.089996,37.02
30/05/2022,,123.01,,,,
31/05/2022,114.38,125.53,8.46,271.869995,179.529999,37.200001
01/06/2022,115.26,122.2,8.47,272.420013,177.710007,36.669998
02/06/2022,116.88,,8.9,274.579987,177.149994,36.700001
03/06/2022,118.97,125.68,8.34,270.019989,176.419998,36.189999
06/06/2022,118.41,124.99,9.08,268.75,176.399994,36.150002
07/06/2022,119.55,126.89,9.28,272.5,178.339996,36.349998
08/06/2022,121.94,129.2,9.43,270.410004,177.279999,35.889999
09/06/2022,121.52,128.47,8.16,264.790009,173.710007,34.509998
10/06/2022,120.73,127.44,8.78,252.990005,172.550003,33.169998
13/06/2022,120.92,128.44,9,242.259995,170.809998,32.02
14/06/2022,118.92,127.02,7.68,244.490005,168.190002,31.459999
15/06/2022,115.32,124.96,7.72,251.759995,169.990005,32.049999
16/06/2022,117.56,125.78,7.88,244.970001,170.080002,31.85
17/06/2022,109.56,119.22,7.37,247.649994,169.460007,31.92
20/06/2022,,118.25,,,,
21/06/2022,110.49,118.51,6.6,253.740005,173.009995,32.849998
22/06/2022,106.22,115.54,6.76,253.130005,175.740005,32.599998
23/06/2022,105.75,114.5,6.54,258.859985,179.660004,32.080002
24/06/2022,109.07,117.36,5.8,267.700012,182.289993,32.310001
27/06/2022,111.44,119.69,6.09,264.890015,182.119995,32.349998
28/06/2022,113.66,122.21,6.66,256.480011,176.940002,32.259998
29/06/2022,111.65,120.8,6.69,260.26001,176.990005,31.860001
30/06/2022,107.76,119.78,6.54,256.829987,177.509995,31.129999
01/07/2022,110.3,119.21,5.75,259.579987,179.520004,31.559999
04/07/2022,,121.8,,,,
05/07/2022,101.55,110.49,5.72,262.850006,178.139999,31.24
06/07/2022,100.31,108.54,5.65,266.209991,178.300003,30.98
07/07/2022,104.62,113.4,5.83,268.399994,178.5,31.860001
08/07/2022,106.78,113.95,6.4,267.660004,178.279999,31.790001
11/07/2022,106.09,114.85,6.82,264.51001,178.350006,31.459999
12/07/2022,97.69,106.98,6.81,253.669998,175.850006,31.360001
13/07/2022,98.44,107.17,6.68,252.720001,175.440002,30.84
14/07/2022,97.79,107.74,6.9,254.080002,175.679993,30.129999
15/07/2022,99.59,112.26,6.6,256.720001,178.229996,32.25
18/07/2022,104.48,117.27,7.65,254.25,174.229996,32.259998
19/07/2022,106.12,114.96,7.35,259.529999,171.690002,33.349998
20/07/2022,104.45,115.86,7.58,262.269989,170.710007,33.360001
21/07/2022,98.44,112.81,7.99,264.839996,171.309998,33.650002
22/07/2022,97.71,106.77,8.25,260.359985,172.119995,33.43
25/07/2022,99.83,108.23,8.52,258.829987,172.460007,33.73
26/07/2022,97.74,107.32,9.46,251.899994,173.679993,33.049999
27/07/2022,100.03,109.64,8.65,268.73999,173.199997,33.59
28/07/2022,99.11,109.68,8.75,276.410004,174.199997,33.32
29/07/2022,101.31,111.51,8.33,280.73999,174.520004,33.810001
01/08/2022,96.59,106.09,8.2,278.01001,173.910004,33.709999
02/08/2022,97.14,106.51,8.01,274.820007,172.919998,33.040001
03/08/2022,93.25,101.82,7.81,282.470001,174.589996,33.639999
04/08/2022,91.29,97.99,8.4,283.649994,171.789993,33.400002
05/08/2022,91.77,100.31,8.3,282.910004,171.110001,33.959999
08/08/2022,93.52,103.46,7.76,280.320007,170.199997,33.490002
09/08/2022,93.18,103.81,7.87,282.299988,170.179993,33.919998
10/08/2022,94.68,105.06,7.86,289.160004,170.669998,35.07
11/08/2022,97.02,107.19,8.53,287.019989,167.139999,35.91
12/08/2022,94.86,103.7,8.73,291.910004,165.300003,36.299999
15/08/2022,92.24,98.25,8.62,293.470001,166.089996,36.25
16/08/2022,89.23,95.36,9.28,292.709991,167.570007,36.639999
17/08/2022,90.85,97.22,9.51,291.320007,167.580002,36.41
18/08/2022,93.2,96.35,9.42,290.170013,166.770004,36.279999
19/08/2022,93.55,96.45,9.14,286.149994,169.309998,35.48
22/08/2022,93.42,95.06,9.85,277.75,167.589996,34.720001
23/08/2022,96.46,99.49,9.75,276.440002,166.130005,34.41
24/08/2022,95.52,99.87,9.27,275.790009,165.580002,34.52
25/08/2022,93.33,98.81,9.47,278.850006,167.130005,35.139999
26/08/2022,93.63,101.13,9.48,268.089996,164.270004,34.029999
29/08/2022,97.4,,9.24,265.230011,163,33.900002
30/08/2022,92.08,99.34,9.1,262.970001,162.429993,34.09
31/08/2022,90.09,96.55,8.93,261.470001,161.339996,33.610001
01/09/2022,87.09,92.24,9.38,260.399994,165.339996,33.470001
02/09/2022,87.29,93.09,9.18,256.059998,162.740005,33.43
05/09/2022,,94.22,,,,
06/09/2022,87.35,91.43,8.52,253.25,163.179993,33.060001
07/09/2022,82.5,86.83,8.12,258.089996,164.070007,33.57
08/09/2022,84.04,87.99,8.27,258.519989,165.389999,34.650002
09/09/2022,87.27,91.68,8.31,264.459991,165.710007,34.939999
12/09/2022,88.18,93.45,8.2,266.649994,165.639999,35.27
13/09/2022,87.84,92.04,8.49,251.990005,161.330002,34
14/09/2022,88.88,92.83,8.7,252.220001,164.660004,33.869999
15/09/2022,85.72,89.28,8.6,245.380005,165.080002,34.509998
16/09/2022,85.57,89.43,8.11,244.740005,167.600006,34.119999
19/09/2022,86.15,,7.96,244.520004,166.279999,34.689999
20/09/2022,84.69,89.62,8.01,242.449997,164.970001,34.169998
21/09/2022,83.38,89.86,7.99,238.949997,163.279999,33.150002
22/09/2022,84.02,90.4,7.76,240.979996,166.179993,32.5
23/09/2022,79.07,84.29,6.75,237.919998,166.720001,31.73
26/09/2022,77.17,82.55,6.75,237.449997,165.699997,31.030001
27/09/2022,78.91,85.97,6.83,236.410004,164.940002,30.57
28/09/2022,82.61,89.55,6.59,241.070007,166.360001,31.07
29/09/2022,81.78,89.41,6.57,237.5,164.529999,30.66
30/09/2022,79.91,88.9,6.4,232.899994,163.360001,30.200001
03/10/2022,84.05,90.68,5.64,240.740005,163.199997,31.09
04/10/2022,86.87,93.74,5.4,248.880005,165.619995,32.380001
05/10/2022,88.22,94.35,5.84,249.199997,165.110001,31.92
06/10/2022,88.9,95.65,6.91,246.789993,161.910004,31.459999
07/10/2022,93.07,98.88,6.25,234.240005,160.199997,30.75
10/10/2022,91.6,97.13,,229.25,160.410004,30.66
11/10/2022,89.75,95.17,6.2,225.410004,162.729996,29.77
12/10/2022,87.83,93.44,6.6,225.75,162.690002,29.860001
13/10/2022,89.59,95.16,6.25,234.240005,165.149994,31.690001
14/10/2022,86.1,92.22,6.1,228.559998,164.460007,31.700001
17/10/2022,86,91.04,6.08,237.529999,166.589996,33.619999
18/10/2022,83.29,89.46,6.16,238.5,166.009995,34.880001
19/10/2022,86,91.34,5.63,236.479996,164.690002,33.919998
20/10/2022,86.02,91.52,5.1,236.149994,165.110001,33.700001
21/10/2022,85.47,91.82,4.45,242.119995,168.710007,34.950001
24/10/2022,86.12,91.57,4.81,247.25,170.979996,35.07
25/10/2022,86.93,91.76,5.17,250.660004,170.710007,35.389999
26/10/2022,89.39,92.93,5.28,231.320007,172.210007,35.700001
27/10/2022,89.06,94.17,5.3,226.75,172.309998,35.869999
28/10/2022,87.85,94.64,5.02,235.869995,174.869995,36.18
31/10/2022,86.54,93.3,5.02,232.130005,173.970001,36.040001
01/11/2022,88.36,95.12,4.57,228.169998,173.089996,36.200001
02/11/2022,90.06,96.07,4.58,220.100006,170.429993,36.09
03/11/2022,88.14,95.29,4.65,214.25,170.720001,35.889999
04/11/2022,92.58,99.53,4,221.389999,171.479996,36.790001
07/11/2022,91.8,99.87,4.62,227.869995,172.979996,37.009998
08/11/2022,88.8,96.85,4,228.869995,173.839996,37.110001
09/11/2022,85.79,93.05,3.46,224.509995,172.449997,36.52
10/11/2022,86.52,94.25,4.8,242.979996,174.470001,38.130001
11/11/2022,89.14,96.37,4.8,247.110001,169.25,38.41
14/11/2022,85.85,93.59,6.24,241.550003,171.910004,37.759998
15/11/2022,86.87,94.3,5.9,241.970001,172.389999,37.700001
16/11/2022,85.62,92.61,5.88,241.729996,173.460007,37.360001
17/11/2022,81.69,91,6.2,241.679993,174.860001,37.169998
18/11/2022,80.07,88.93,6.1,241.220001,176.199997,37.189999
21/11/2022,79.74,88.44,6.23,242.050003,175.970001,37.310001
22/11/2022,80.83,88.65,6.27,245.029999,176.820007,37.490002
23/11/2022,77.93,85.9,6.57,247.580002,177.009995,37.610001
24/11/2022,,85.59,,,,
25/11/2022,76.45,83.4,6.57,247.490005,177.240005,37.700001
28/11/2022,77.1,83.5,6,241.759995,177.330002,36.860001
29/11/2022,77.96,83.22,6.03,240.330002,176.089996,37
30/11/2022,80.48,85.61,7,255.139999,178,37.849998
01/12/2022,81.06,86.28,6.33,254.690002,178.740005,36.549999
02/12/2022,79.86,86.54,4.92,255.020004,178.880005,36.080002
05/12/2022,76.83,83.36,4.15,250.199997,178.779999,34.470001
06/12/2022,74.21,79.92,4.58,245.119995,176.100006,33
07/12/2022,71.93,77.11,4.49,244.369995,177.169998,32.740002
08/12/2022,71.3,76.02,4.79,247.399994,177.199997,32.439999
09/12/2022,71.05,76.37,4.98,245.419998,175.740005,32.380001
12/12/2022,72.96,78,6.73,252.509995,177.839996,32.73
13/12/2022,75.44,80.14,7.2,256.920013,179.210007,32.75
14/12/2022,77.14,83.33,6.54,257.220001,179.759995,32.279999
15/12/2022,75.89,82.34,6.8,249.009995,177.490005,31.77
16/12/2022,74.19,80.2,6.63,244.690002,175.669998,31.700001
19/12/2022,75.05,81.66,6.08,240.449997,175.479996,32.060001
20/12/2022,75.92,79.45,5.28,241.800003,175.669998,32.189999
21/12/2022,78.17,80.25,6.13,244.429993,177.679993,32.68
22/12/2022,77.68,79.58,7.1,238.190002,177.029999,32.389999
23/12/2022,79.57,82.45,7.15,238.729996,177.479996,32.470001
26/12/2022,,,,,,
27/12/2022,79.45,,4.88,236.960007,177.429993,32.529999
28/12/2022,78.89,81.7,4.06,234.529999,176.660004,32.77
29/12/2022,78.43,80.96,3.78,241.009995,177.559998,33.139999
30/12/2022,80.16,82.82,3.52,239.820007,176.649994,33.119999
02/01/2023,,,,,,
03/01/2023,76.87,80.36,3.64,239.580002,178.190002,33.509998
04/01/2023,72.82,75.31,3.75,229.100006,180.130005,34.139999
05/01/2023,73.61,76.73,3.78,222.309998,178.800003,34.07
06/01/2023,73.77,76.41,3.43,224.929993,180.25,34.41
09/01/2023,74.69,77.5,3.65,227.119995,175.580002,33.889999
10/01/2023,75.11,78.4,3.32,228.850006,175.160004,34.119999
11/01/2023,77.46,81.11,3.41,235.770004,174.880005,34.380001
12/01/2023,78.32,82.59,3.47,238.509995,174,34.470001
13/01/2023,79.9,83.43,3.43,239.229996,173.429993,35.23
16/01/2023,,82.65,,,,
17/01/2023,80.25,84.38,3.43,240.350006,172.360001,34.52
18/01/2023,79.53,83.78,3.2,235.809998,169.759995,33.720001
19/01/2023,80.31,85.08,2.91,231.929993,169.529999,33.23
20/01/2023,81.27,86.96,3.15,240.220001,168.740005,33.849998
23/01/2023,81.62,87.54,3.43,242.580002,168.309998,34.32
24/01/2023,79.86,85.25,3.35,242.039993,168.309998,34.57
25/01/2023,79.78,85.08,3.09,240.610001,169.509995,34.869999
26/01/2023,80.64,86.29,2.72,248,168.889999,35.34
27/01/2023,79.73,85.36,2.83,248.160004,168.229996,35.450001
30/01/2023,77.97,84.9,2.82,242.710007,162,35.299999
31/01/2023,78.95,83.42,2.65,247.809998,163.419998,35.48
01/02/2023,76.34,81.61,2.65,252.75,164.919998,35.919998
02/02/2023,75.87,80.57,2.67,264.600006,165.539993,36.130001
03/02/2023,73.4,78.85,2.4,258.350006,164.610001,36.43
06/02/2023,74.11,80.48,2.17,256.769989,163.360001,36.369999
07/02/2023,77.17,82.92,2.35,267.559998,163.399994,36.77
08/02/2023,78.47,84.17,2.4,266.730011,163.610001,36.5
09/02/2023,78.04,83.46,2.4,263.619995,161.399994,35.720001
10/02/2023,79.74,85.46,2.37,263.100006,162.149994,35.580002
13/02/2023,80.14,85.98,2.42,271.320007,162.75,35.650002
14/02/2023,79.08,84.96,2.42,272.170013,162.039993,35.619999
15/02/2023,78.57,84.11,2.45,269.320007,159.369995,35.560001
16/02/2023,78.45,83.84,2.48,262.149994,158.240005,35.279999
17/02/2023,76.31,81.97,2.28,258.059998,160.389999,35.349998
20/02/2023,,82.79,,,,
21/02/2023,76.28,82.14,2.12,252.669998,158,34.52
22/02/2023,73.95,79.55,2.07,251.509995,157.779999,34.290001
23/02/2023,75.26,82.08,2.17,254.770004,157.729996,34.259998
24/02/2023,76.19,82.31,2.36,249.220001,155.970001,34.209999
27/02/2023,75.57,81.24,2.55,250.160004,155.630005,34.209999
28/02/2023,76.88,83.21,2.5,249.419998,153.259995,34.299999
01/03/2023,77.57,83.68,2.59,246.270004,152.570007,34.139999
02/03/2023,78.05,84.15,2.67,251.110001,152.449997,33.490002
03/03/2023,79.62,85.74,2.66,255.289993,154.020004,34.16
06/03/2023,80.39,85.86,2.46,256.869995,155.559998,34.09
07/03/2023,77.45,83.03,2.52,254.149994,154.089996,33
08/03/2023,76.56,82.1,2.5,253.699997,152.960007,32.560001
09/03/2023,75.6,81,2.5,252.320007,151.240005,30.540001
10/03/2023,76.55,82.3,2.4,248.589996,151.610001,30.27
13/03/2023,74.68,79.67,2.4,253.919998,153.059998,28.51
14/03/2023,71.18,76.77,2.65,260.790009,153.919998,28.76
15/03/2023,67.38,74.3,2.45,265.440002,154.350006,28.49
16/03/2023,68.15,73.12,2.45,276.200012,154.029999,28.969999
17/03/2023,66.61,71.03,2.42,279.429993,152.380005,27.82
20/03/2023,67.56,72.42,2.23,272.230011,153.889999,27.75
21/03/2023,69.4,74.78,1.93,273.779999,153.889999,28.59
22/03/2023,70.71,76.08,2.03,272.290009,151.050003,27.639999
23/03/2023,69.77,74.31,2.08,277.660004,151.130005,26.969999
24/03/2023,69.22,73.63,2.04,280.570007,152.649994,27.139999
27/03/2023,72.87,76.8,2.04,276.380005,153.300003,28.49
28/03/2023,73.12,78.07,2.02,275.230011,151.820007,28.120001
29/03/2023,72.95,77.51,1.94,280.51001,153.309998,28.67
30/03/2023,74.32,78.45,1.95,284.049988,153.429993,28.299999
31/03/2023,75.68,79.19,2.1,288.299988,155,28.6
03/04/2023,80.4,85.81,2.09,287.230011,156.850006,28.59
04/04/2023,80.7,85.7,2.13,287.179993,158.490005,27.98
05/04/2023,80.69,85.89,2.17,284.339996,165.610001,27.639999
06/04/2023,80.7,86.56,2.18,291.600006,165.149994,27.84
07/04/2023,,,,,,
10/04/2023,79.79,,2.15,289.390015,164.320007,27.940001
11/04/2023,81.54,87.32,2.19,282.829987,164.270004,28.709999
12/04/2023,83.26,88.31,2.22,283.48999,163.919998,28.48
13/04/2023,82.16,86.51,2.04,289.839996,166.110001,28.559999
14/04/2023,82.58,87.31,1.87,286.140015,165.839996,29.52
17/04/2023,80.93,85.63,2.21,288.799988,165.669998,30.370001
18/04/2023,80.85,85.48,2.23,288.369995,161.009995,30.559999
19/04/2023,79.18,85.34,2.2,288.450012,162.529999,30.059999
20/04/2023,77.27,83.29,2.19,286.109985,163.580002,29.9
21/04/2023,77.86,83.36,2.2,285.76001,162.690002,29.870001
24/04/2023,78.64,84.23,2.19,281.769989,163.679993,29.76
25/04/2023,77.05,82.13,2.21,275.420013,165.179993,28.84
26/04/2023,74.33,79.19,2.19,295.369995,162.619995,28.440001
27/04/2023,74.77,80.11,2.17,304.829987,163,28.889999
28/04/2023,76.78,81.32,2.27,307.26001,163.699997,29.280001
01/05/2023,75.65,,2.24,305.559998,163.600006,29.040001
02/05/2023,71.71,76.71,2.12,305.410004,165.029999,28.16
03/05/2023,68.62,72.91,2.01,304.399994,162.869995,27.860001
04/05/2023,68.52,73,1.96,305.410004,162.130005,26.99
05/05/2023,71.32,75.85,1.85,310.649994,162.679993,27.709999
08/05/2023,73.13,,2.12,308.649994,162.309998,27.690001
09/05/2023,73.68,77.76,2.22,307,161.050003,27.66
10/05/2023,72.53,76.7,2.12,312.309998,161.649994,27.32
11/05/2023,70.81,75.32,2.07,310.109985,160.990005,27.389999
12/05/2023,70.02,74.54,1.98,308.970001,160.779999,27.09
15/05/2023,71.07,75.46,2.25,309.459991,159.550003,27.65
16/05/2023,70.85,75.15,2.28,311.73999,159.339996,27.360001
17/05/2023,72.78,76.98,2.25,314,158.990005,28.57
18/05/2023,71.82,75.75,2.3,318.519989,158.479996,28.469999
19/05/2023,71.57,75.42,2.37,318.339996,158.910004,28.110001
22/05/2023,71.81,75.77,2.3,321.179993,156.869995,28.34
23/05/2023,72.87,76.66,2.22,315.26001,156.809998,28.58
24/05/2023,74.37,77.99,2.25,313.850006,156.660004,28.1
25/05/2023,71.68,75.66,2.23,325.920013,154.410004,28.17
26/05/2023,72.35,76.33,1.88,332.890015,154.350006,28.309999
29/05/2023,,,,,,
30/05/2023,69.45,73.38,2.11,331.209991,154.369995,28.26
31/05/2023,68.11,71.98,2.1,328.390015,155.059998,27.790001
01/06/2023,70.09,74.18,1.77,332.579987,154.539993,27.780001
02/06/2023,71.76,76,1.74,335.399994,156.970001,28.709999
05/06/2023,72.14,76.61,1.92,335.940002,158.320007,28.540001
06/06/2023,71.71,76.22,1.95,333.679993,158.179993,29.23
07/06/2023,72.52,76.85,2.13,323.380005,158.520004,29.48
08/06/2023,71.28,75.88,2.1,325.26001,160.259995,29.23
09/06/2023,70.16,74.74,1.85,326.790009,160.009995,29.27
12/06/2023,67.08,71.8,1.9,331.850006,159.899994,29.129999
13/06/2023,69.39,74.24,2,334.290009,160.740005,29.4
14/06/2023,68.22,73.39,2.05,337.339996,161.559998,29.120001
15/06/2023,70.61,75.75,2.18,348.100006,163.729996,29.370001
16/06/2023,71.81,76.76,2.13,342.329987,164.229996,29.190001
19/06/2023,,76.09,,,,
20/06/2023,70.94,75.79,2.38,338.049988,164.130005,28.870001
21/06/2023,72.55,76.92,2.24,333.559998,163.880005,28.57
22/06/2023,69.22,73.93,2.27,339.709991,165.619995,27.959999
23/06/2023,68.91,73.56,2.22,335.019989,165.479996,27.75
26/06/2023,69.09,73.86,2.62,328.600006,163.630005,28.09
27/06/2023,67.68,71.88,2.68,334.570007,163.289993,28.24
28/06/2023,69.54,73.64,2.71,335.850006,162.960007,28.07
29/06/2023,69.85,73.86,2.4,335.049988,164.100006,28.66
30/06/2023,70.66,74.51,2.48,340.540009,165.520004,28.690001
03/07/2023,69.71,74.52,2.48,337.98999,163.350006,29.200001
04/07/2023,,76.23,,,,
05/07/2023,71.78,76.74,2.65,338.149994,162.809998,29.08
06/07/2023,71.76,76.72,2.5,341.269989,161.600006,28.280001
07/07/2023,73.91,78.77,2.49,337.220001,159.25,28.530001
10/07/2023,73.05,77.83,2.55,331.829987,159.509995,28.66
11/07/2023,74.87,79.54,2.57,332.470001,158.630005,29.02
12/07/2023,75.77,80.35,2.55,337.200012,158.080002,29.360001
13/07/2023,76.86,81.31,2.5,342.660004,158.809998,29.67
14/07/2023,75.44,79.9,2.5,345.23999,159.869995,29.110001
17/07/2023,74.17,77.8,2.46,345.730011,159.070007,29.4
18/07/2023,75.76,79.54,2.52,359.48999,159.059998,30.700001
19/07/2023,75.4,79.38,2.51,355.079987,158.740005,31.530001
20/07/2023,75.65,79.62,2.61,346.869995,168.380005,31.690001
21/07/2023,77.06,81.06,2.61,343.769989,170.190002,31.98
24/07/2023,78.81,82.53,2.68,345.109985,171.080002,32.650002
25/07/2023,79.76,83.46,2.66,350.980011,172.389999,32.150002
26/07/2023,79.11,82.98,2.6,337.769989,172.720001,32.41
27/07/2023,80.17,84.28,2.47,330.720001,173.690002,31.950001
28/07/2023,80.55,84.49,2.53,338.369995,174.479996,31.9
31/07/2023,81.8,85.22,2.58,335.920013,167.529999,32
01/08/2023,81.37,85.34,2.49,336.339996,168.889999,31.620001
02/08/2023,79.5,84.01,2.43,327.5,169.910004,31.190001
03/08/2023,81.56,86.19,2.44,326.660004,170.639999,31.41
04/08/2023,82.76,87.38,2.53,327.779999,169.039993,31.299999
07/08/2023,81.94,86.47,2.65,330.109985,173.100006,31.879999
08/08/2023,82.94,88,2.77,326.049988,173.179993,31.27
09/08/2023,84.35,89.31,2.92,322.230011,173.070007,30.860001
10/08/2023,82.81,87.44,2.83,322.929993,172.169998,30.940001
11/08/2023,83.17,87.93,2.61,321.01001,173.850006,31.290001
14/08/2023,82.5,87.4,2.74,324.040009,173.440002,30.93
15/08/2023,81.06,86.28,2.65,321.859985,172.940002,29.940001
16/08/2023,79.4,84.49,2.55,320.399994,172.389999,29.290001
17/08/2023,80.43,85.24,2.56,316.880005,174.009995,29.280001
18/08/2023,81.25,85.92,2.44,316.480011,172.490005,29.110001
21/08/2023,80.71,85.44,2.6,321.880005,167.350006,29.15
22/08/2023,80.25,84.7,2.58,322.459991,166.020004,28.440001
23/08/2023,78.91,83.94,2.6,327,164.529999,28.450001
24/08/2023,79.52,84.07,2.42,319.970001,165.089996,28.620001
25/08/2023,80.47,85.42,2.46,322.980011,166.25,28.5
28/08/2023,80.65,,2.6,323.700012,164.289993,28.76
29/08/2023,81.14,86.37,2.5,328.410004,164.309998,29.17
30/08/2023,81.64,86.62,2.48,328.790009,163.729996,29.040001
31/08/2023,83.55,87.29,2.56,327.76001,161.679993,28.67
01/09/2023,85.52,89.98,2.7,328.660004,160.479996,28.98
04/09/2023,,90.42,,,,
05/09/2023,86.74,91.25,2.6,333.549988,160.679993,28.65
06/09/2023,87.55,91.79,2.49,332.880005,158.009995,28.389999
07/09/2023,86.87,91.16,2.45,329.910004,160.029999,28.129999
08/09/2023,87.51,91.85,2.53,334.269989,160.559998,28.360001
11/09/2023,87.3,91.97,2.5,337.940002,162.660004,28.48
12/09/2023,88.87,93.58,2.72,331.769989,163.580002,28.969999
13/09/2023,88.59,93.04,2.76,336.059998,163.990005,28.879999
14/09/2023,90.13,95.2,2.81,338.700012,163.740005,29.200001
15/09/2023,90.83,95.55,2.74,330.220001,161.449997,28.84
18/09/2023,91.47,95.95,2.54,329.059998,162.470001,28.76
19/09/2023,91.16,96.11,2.46,328.649994,162.199997,28.65
20/09/2023,89.2,94.56,2.78,320.769989,162.910004,28.549999
21/09/2023,89.56,93.7,2.7,319.529999,161.660004,28.049999
22/09/2023,90,93.99,2.63,317.01001,160.5,27.639999
25/09/2023,89.68,94.01,2.63,317.540009,160.259995,27.6
26/09/2023,91.43,94.46,2.55,312.140015,159.020004,27.17
27/09/2023,93.67,97.1,2.72,312.790009,157.110001,27.27
28/09/2023,91.65,96.64,2.74,313.640015,156.880005,27.559999
29/09/2023,90.77,95.86,2.68,315.75,155.75,27.379999
